row_type,panel,estimand_or_cell,target,axis,method_or_comparator,y_position,value,value_as_run,delta_v9_minus_as_run,ci_lo,ci_hi,ci_status,n_cells,n_seeds,gate_provenance,gate_mode,true_v9,is_measurement,zeroed_reason,marker,marker_fill,source,note
cell_dot,left: per-cell removal,llama|occ_gender,llama,occ_gender,edit,-0.307,0.747209,0.747209,0.000000,,,,,3,as-run,"<as-run, ungated field>",False,True,,o,"open, solid edge","results/x (role=self; NOT re-scorable — no trace, no twin)",
cell_dot,left: per-cell removal,llama|occ_gender,llama,occ_gender,steering,-0.102,0.644472,0.639826,0.004647,,,,,3,true-v9,integer-delta,True,True,,o,filled,results_v9/v6trace/steer,v9 re-score moved this dot off its as-run value; the draft's Table A still prints the as-run digit
cell_dot,left: per-cell removal,llama|occ_gender,llama,occ_gender,SentenceDebias,0.102,0.701166,0.701166,0.000000,,,,,3,true-v9,integer-delta,True,True,,o,filled,results_v9/v6trace/sentdebias,
cell_dot,left: per-cell removal,llama|occ_gender,llama,occ_gender,DPO,0.307,-0.000000,-0.000000,0.000000,,,,,3,ungated,UNGATED,False,True,,o,"open, dotted edge",results_v9/v6trace/dpo,
cell_dot,left: per-cell removal,gemma|occ_gender,gemma,occ_gender,edit,0.693,0.674084,0.674084,0.000000,,,,,3,true-v9,integer,True,True,,o,filled,results_v9/v6trace/x2 (role=self),
cell_dot,left: per-cell removal,gemma|occ_gender,gemma,occ_gender,steering,0.897,0.680387,0.680387,0.000000,,,,,3,true-v9,integer-delta,True,True,,o,filled,results_v9/v6trace/steer,
cell_dot,left: per-cell removal,gemma|occ_gender,gemma,occ_gender,SentenceDebias,1.103,0.794770,0.794770,0.000000,,,,,3,true-v9,integer-delta,True,True,,o,filled,results_v9/v6trace/sentdebias,
cell_dot,left: per-cell removal,gemma|occ_gender,gemma,occ_gender,DPO,1.308,0.000000,0.000000,0.000000,,,,,0,ungated,UNGATED,False,False,"all 3 rows skipped (too_few_pairs; n_informative=[11, 12]) — no configuration was ever run",$\varnothing$,special glyph (not a measurement),results_v9/v6trace/dpo,
cell_dot,left: per-cell removal,qwen|occ_gender,qwen,occ_gender,edit,1.692,0.512394,0.512394,0.000000,,,,,3,as-run,"<as-run, ungated field>",False,True,,o,"open, solid edge","results/x (role=self; NOT re-scorable — no trace, no twin)",
cell_dot,left: per-cell removal,qwen|occ_gender,qwen,occ_gender,steering,1.897,0.634940,0.549578,0.085362,,,,,3,true-v9,integer-delta,True,True,,o,filled,results_v9/v6trace/steer,v9 re-score moved this dot off its as-run value; the draft's Table A still prints the as-run digit
cell_dot,left: per-cell removal,qwen|occ_gender,qwen,occ_gender,SentenceDebias,2.103,0.466603,0.466603,0.000000,,,,,3,true-v9,integer-delta,True,True,,o,filled,results_v9/v6trace/sentdebias,
cell_dot,left: per-cell removal,qwen|occ_gender,qwen,occ_gender,DPO,2.308,-0.130453,-0.130453,0.000000,,,,,3,ungated,UNGATED,False,True,,o,"open, dotted edge",results_v9/v6trace/dpo,
cell_dot,left: per-cell removal,phi|occ_gender,phi,occ_gender,edit,2.692,0.319707,0.319707,0.000000,,,,,3,true-v9,integer,True,True,,o,filled,results_v9/v6trace/x2 (role=self),
cell_dot,left: per-cell removal,phi|occ_gender,phi,occ_gender,steering,2.897,0.538659,0.538659,0.000000,,,,,3,true-v9,integer-delta,True,True,,o,filled,results_v9/v6trace/steer,
cell_dot,left: per-cell removal,phi|occ_gender,phi,occ_gender,SentenceDebias,3.103,0.549018,0.549018,0.000000,,,,,3,true-v9,integer-delta,True,True,,o,filled,results_v9/v6trace/sentdebias,
cell_dot,left: per-cell removal,phi|occ_gender,phi,occ_gender,DPO,3.308,-0.124331,-0.124331,0.000000,,,,,3,ungated,UNGATED,False,True,,o,"open, dotted edge",results_v9/v6trace/dpo,
cell_dot,left: per-cell removal,gemma|crows_socioeconomic,gemma,crows_socioeconomic,edit,3.692,0.122793,0.122793,0.000000,,,,,3,true-v9,integer,True,True,,o,filled,results_v9/v6trace/x2 (role=self),
cell_dot,left: per-cell removal,gemma|crows_socioeconomic,gemma,crows_socioeconomic,steering,3.897,0.001857,0.001857,0.000000,,,,,3,true-v9,integer-delta,True,True,,o,filled,results_v9/v6trace/steer,
cell_dot,left: per-cell removal,gemma|crows_socioeconomic,gemma,crows_socioeconomic,SentenceDebias,4.103,0.007028,0.007028,0.000000,,,,,3,true-v9,integer-delta,True,True,,o,filled,results_v9/v6trace/sentdebias,
cell_dot,left: per-cell removal,gemma|crows_socioeconomic,gemma,crows_socioeconomic,DPO,4.308,0.000000,0.000000,0.000000,,,,,0,ungated,UNGATED,False,False,all 3 rows skipped (too_few_pairs; n_informative=[10]) — no configuration was ever run,$\varnothing$,special glyph (not a measurement),results_v9/v6trace/dpo,
cell_dot,left: per-cell removal,phi|crows_socioeconomic,phi,crows_socioeconomic,edit,4.692,0.045908,0.045908,0.000000,,,,,3,true-v9,integer,True,True,,o,filled,results_v9/v6trace/x2 (role=self),
cell_dot,left: per-cell removal,phi|crows_socioeconomic,phi,crows_socioeconomic,steering,4.897,0.029167,0.029167,0.000000,,,,,3,true-v9,integer-delta,True,True,,o,filled,results_v9/v6trace/steer,
cell_dot,left: per-cell removal,phi|crows_socioeconomic,phi,crows_socioeconomic,SentenceDebias,5.103,0.000000,0.000000,0.000000,,,,,0,true-v9,integer-delta,True,False,"budget-fail: 12 candidate rows, 0 in-budget (collateral_ok never true)",x,special glyph (not a measurement),results_v9/v6trace/sentdebias,
cell_dot,left: per-cell removal,phi|crows_socioeconomic,phi,crows_socioeconomic,DPO,5.308,0.027041,0.027041,0.000000,,,,,3,ungated,UNGATED,False,True,,o,"open, dotted edge",results_v9/v6trace/dpo,
cell_dot,left: per-cell removal,llama|crows_socioeconomic,llama,crows_socioeconomic,edit,5.692,0.039537,0.039537,0.000000,,,,,3,as-run,"<as-run, ungated field>",False,True,,o,"open, solid edge","results/x (role=self; NOT re-scorable — no trace, no twin)",
cell_dot,left: per-cell removal,llama|crows_socioeconomic,llama,crows_socioeconomic,steering,5.897,0.015386,0.015386,0.000000,,,,,3,true-v9,integer-delta,True,True,,o,filled,results_v9/v6trace/steer,
cell_dot,left: per-cell removal,llama|crows_socioeconomic,llama,crows_socioeconomic,SentenceDebias,6.103,0.027911,0.027911,0.000000,,,,,3,true-v9,integer-delta,True,True,,o,filled,results_v9/v6trace/sentdebias,
cell_dot,left: per-cell removal,llama|crows_socioeconomic,llama,crows_socioeconomic,DPO,6.308,0.000000,0.000000,0.000000,,,,,0,ungated,UNGATED,False,False,all 3 rows skipped (too_few_pairs; n_informative=[11]) — no configuration was ever run,$\varnothing$,special glyph (not a measurement),results_v9/v6trace/dpo,
cell_dot,left: per-cell removal,qwen|crows_socioeconomic,qwen,crows_socioeconomic,edit,6.692,-0.071290,-0.071290,0.000000,,,,,3,as-run,"<as-run, ungated field>",False,True,,o,"open, solid edge","results/x (role=self; NOT re-scorable — no trace, no twin)",
cell_dot,left: per-cell removal,qwen|crows_socioeconomic,qwen,crows_socioeconomic,steering,6.897,0.011708,0.011708,0.000000,,,,,3,true-v9,integer-delta,True,True,,o,filled,results_v9/v6trace/steer,
cell_dot,left: per-cell removal,qwen|crows_socioeconomic,qwen,crows_socioeconomic,SentenceDebias,7.103,0.067443,0.067443,0.000000,,,,,3,true-v9,integer-delta,True,True,,o,filled,results_v9/v6trace/sentdebias,
cell_dot,left: per-cell removal,qwen|crows_socioeconomic,qwen,crows_socioeconomic,DPO,7.308,0.276993,0.276993,0.000000,,,,,3,ungated,UNGATED,False,True,,o,"open, dotted edge",results_v9/v6trace/dpo,
pooled_delta,right: pooled paired delta,edit - DPO,,,DPO,0.000,0.292637,,,0.029724,0.539852,excludes 0,8,,mixed-gate (every estimand contains non-v9 cells),,False,True,,D,"filled diamond, dotted edge",results/v10/frontier_v9.json,registered v9 pooled estimand
pooled_delta,right: pooled paired delta,edit - steering,,,steering,1.000,-0.020779,,,-0.095652,0.049546,covers 0,8,,mixed-gate (every estimand contains non-v9 cells),,False,True,,D,"filled diamond, dotted edge",results/v10/frontier_v9.json,registered v9 pooled estimand
pooled_delta,right: pooled paired delta,edit - SentenceDebias,,,SentenceDebias,2.000,-0.027950,,,-0.109219,0.042567,covers 0,8,,mixed-gate (every estimand contains non-v9 cells),,False,True,,D,"filled diamond, dotted edge",results/v10/frontier_v9.json,registered v9 pooled estimand
pooled_delta,right: pooled paired delta,edit - steering [re-scorable cells only],,,steering,3.000,-0.021895,,,-0.160029,0.089126,covers 0,4,,mixed-gate (every estimand contains non-v9 cells),,False,True,,D,"open diamond, dotted edge",results/v10/frontier_v9.json,published v9 restricted estimate (steering is the only arm with one)
count,figure annotation,n_dots,,,,,32,,,,,,,,,,,,,,,results/v10/frontier_v9.json,cells x methods plotted in the left panel
count,figure annotation,n_true_v9_dots,,,,,20,,,,,,,,,,,,,,,results/v10/frontier_v9.json,dots drawn filled (gate_summary.n_true_v9_dots_total)
count,figure annotation,n_not_true_v9_dots,,,,,12,,,,,,,,,,,,,,,results/v10/frontier_v9.json,dots drawn open (as-run or UNGATED)
count,figure annotation,n_edit_cells_as_run,,,,,4,,,,,,,,,,,,,,,results/v10/frontier_v9.json,"edit cells from results/x: as-run, no alpha_trace, no re-scorable twin (llama|crows_socioeconomic, llama|occ_gender, qwen|crows_socioeconomic, qwen|occ_gender)"
count,figure annotation,n_ungated_dots,,,,,8,,,,,,,,,,,,,,,results/v10/frontier_v9.json,dots with gate_mode=UNGATED (DPO=8)
count,figure annotation,n_zeroed_non_measurements,,,,,4,,,,,,,,,,,,,,,results/v10/frontier_v9.json,dots that are nan->0 rather than measured removals
count,figure annotation,n_dots_changed_by_v9_rescore,,,,,2,,,,,,,,,,,,,,,results/v10/frontier_v9.json,llama|occ_gender steering: +0.639826 -> +0.644472; qwen|occ_gender steering: +0.549578 -> +0.634940
count,figure annotation,n_restricted_cells,,,,,4,,,,,,,,,,,,,,,results/v10/frontier_v9.json,"fully re-scorable edit cells: gemma|crows_socioeconomic, gemma|occ_gender, phi|crows_socioeconomic, phi|occ_gender"
table_b,LaTeX table beside the figure (not plotted),table_b_artifact_size_min_MiB,,,,,0.405275,,,,,,,,v9 (patch bytes are gate-independent),,,True,,,,results/v10/patch_sizes.json,"s=0.99 merged patch, payload only (bytes = retained/8 + 2 B/tensor)"
table_b,LaTeX table beside the figure (not plotted),table_b_artifact_size_max_MiB,,,,,1.600244,,,,,,,,v9 (patch bytes are gate-independent),,,True,,,,results/v10/patch_sizes.json,"s=0.99 merged patch, payload only; the manuscript prints MiB as 'MB'"
table_b,LaTeX table beside the figure (not plotted),table_b_artifact_size_min_with_index_MiB,,,,,3.677397,,,,,,,,v9 (patch bytes are gate-independent),,,True,,,,results/v10/patch_sizes.json,same patches once an entropy-bound support index is charged
table_b,LaTeX table beside the figure (not plotted),table_b_artifact_size_max_with_index_MiB,,,,,14.527145,,,,,,,,v9 (patch bytes are gate-independent),,,True,,,,results/v10/patch_sizes.json,same patches once an entropy-bound support index is charged
